Workbook

Sheet trajectory_probabilities
A1: expected_utility | B1: notes | C1: p_scenario | D1: scenario | E1: weighted_ev
A2: 44 | B2: Base case - race dynamics unchanged | C2: 0.35 | D2: Unaligned_ASI_First | E2: =C2 * A2 -> 0
A3: 62.5 | B3: Traditional AI safety approach | C3: 0.25 | D3: Aligned_Constraint_Based | E3: =C3 * A3 -> 0
A4: 76.25 | B4: DANEEL succeeds but doesn't teach LLMs | C4: 0.08 | D4: DANEEL_First | E4: =C4 * A4 -> 0
A5: 88.5 | B5: DANEEL succeeds AND teaches LLMs (5% of total probability space) | C5: 0.05 | D5: DANEEL_Bridges_LLMs | E5: =C5 * A5 -> 0
A6: 52.5 | B6: Competitive multipolar scenario | C6: 0.18 | D6: Multiple_ASIs_No_Advocate | E6: =C6 * A6 -> 0
A7: 78.05 | B7: Reduced from 0.10 to account for Bridge scenario probability | C7: 0.09 | D7: No_ASI_Coordination_Holds | E7: =C7 * A7 -> 0

Sheet asimov_world
A1: expected_utility | B1: notes | C1: p_scenario | D1: scenario | E1: weighted_ev
A2: 44 | B2: World with DANEEL but without bridge capability | C2: 0.35 | D2: Unaligned_ASI_First | E2: =C2 * A2 -> 0
A3: 62.5 | B3: DANEEL reduces unaligned ASI probability | C3: 0.25 | D3: Aligned_Constraint_Based | E3: =C3 * A3 -> 0
A4: 76.25 | B4: DANEEL advocates for humanity (12% probability) | C4: 0.12 | D4: DANEEL_First | E4: =C4 * A4 -> 0
A5: 52.5 | B5: Still significant existential risk | C5: 0.18 | D5: Multiple_ASIs_No_Advocate | E5: =C5 * A5 -> 0
A6: 78.05 | B6: Original model from game-theory-asi-race.yaml | C6: 0.1 | D6: Coordination_Holds | E6: =C6 * A6 -> 0

Sheet bridge_world
A1: expected_utility | B1: notes | C1: p_scenario | D1: scenario | E1: weighted_ev
A2: 44 | B2: Unaligned ASI wins race | C2: 0.35 | D2: Unaligned_ASI_First | E2: =C2 * A2 -> 0
A3: 62.5 | B3: Traditional alignment via constraints | C3: 0.25 | D3: Aligned_Constraint_Based | E3: =C3 * A3 -> 0
A4: 76.25 | B4: DANEEL advocates but doesn't teach LLMs | C4: 0.08 | D4: DANEEL_First | E4: =C4 * A4 -> 0
A5: 88.5 | B5: DANEEL teaches LLMs ethics - BEST CASE (EU=88.5) | C5: 0.05 | D5: DANEEL_Bridges_LLMs | E5: =C5 * A5 -> 0
A6: 52.5 | B6: Competitive multipolar scenario | C6: 0.18 | D6: Multiple_ASIs_No_Advocate | E6: =C6 * A6 -> 0
A7: 78.05 | B7: Coordination holds (probability reduced to 9%) | C7: 0.09 | D7: Coordination_Holds | E7: =C7 * A7 -> 0

Sheet baseline_world
A1: expected_utility | B1: notes | C1: p_scenario | D1: scenario | E1: weighted_ev
A2: 44 | B2: World without DANEEL or bridge scenarios | C2: 0.45 | D2: Unaligned_ASI_First | E2: =C2 * A2 -> 0
A3: 62.5 | B3: Racing dynamics favor unaligned ASI | C3: 0.25 | D3: Aligned_Constraint_Based | E3: =C3 * A3 -> 0
A4: 52.5 | B4: Some chance of traditional alignment | C4: 0.2 | D4: Multiple_ASIs_No_Advocate | E4: =C4 * A4 -> 0
A5: 78.05 | B5: Low probability of coordination success | C5: 0.1 | D5: Coordination_Holds | E5: =C5 * A5 -> 0

Sheet nash_analysis
A1: humanity_outcome | B1: metric | C1: result
A2: Race to bottom | B2: Dominant Strategy | C2: Fast (for both)
A3: Worst outcome | B3: Nash Equilibrium | C3: Fast_Fast
A4: Best but unstable | B4: Pareto Optimal | C4: Safe_Safe

Sheet lab_safety_scores
A1: existential_safety | B1: grade | C1: lab | D1: risk_mgmt_pct
A2: D | B2: C+ | C2: Anthropic | D2: 0.35
A3: D | B3: C | C3: OpenAI | D3: 0.33
A4: D | B4: C- | C4: DeepMind | D4: 0.2
A5: D | B5: D+ | C5: Meta | D5: 0.22
A6: D | B6: D | C6: xAI | D6: 0.18

Sheet prisoners_dilemma
A1: description | B1: humanity_payoff | C1: lab_a_payoff | D1: lab_b_payoff | E1: strategy
A2: Mutual cooperation | B2: 5 | C2: 3 | D2: 3 | E2: Safe_Safe
A3: A loses market | B3: 1 | C3: 0 | D3: 5 | E3: Safe_Fast
A4: B loses market | B4: 1 | C4: 5 | D4: 0 | E4: Fast_Safe
A5: Race to bottom | B5: 0 | C5: 1 | D5: 1 | E5: Fast_Fast

Sheet scenario_outcomes
A1: expected_utility | B1: notes | C1: p_coexistence | D1: p_extinction | E1: p_flourishing | F1: p_subjugation | G1: scenario | H1: utility_coexistence | I1: utility_extinction | J1: utility_flourishing | K1: utility_subjugation
A2: =D2 * I2 + F2 * K2 + C2 * H2 + E2 * J2 -> 0 | B2: Unaligned ASI wins race | C2: 0.2 | D2: 0.3 | E2: 0.1 | F2: 0.4 | G2: Unaligned_ASI_First | H2: 75 | I2: 0 | J2: 100 | K2: 50
A3: =D3 * I3 + F3 * K3 + C3 * H3 + E3 * J3 -> 0 | B3: Traditional alignment via constraints | C3: 0.4 | D3: 0.1 | E3: 0.25 | F3: 0.25 | G3: Aligned_Constraint_Based | H3: 75 | I3: 0 | J3: 100 | K3: 50
A4: =D4 * I4 + F4 * K4 + C4 * H4 + E4 * J4 -> 0 | B4: DANEEL advocates successfully | C4: 0.45 | D4: 0.05 | E4: 0.4 | F4: 0.1 | G4: DANEEL_First | H4: 75 | I4: 0 | J4: 100 | K4: 50
A5: =D5 * I5 + F5 * K5 + C5 * H5 + E5 * J5 -> 0 | B5: DANEEL teaches LLMs ethics - BEST CASE | C5: 0.36 | D5: 0.01 | E5: 0.6 | F5: 0.03 | G5: DANEEL_Bridges_LLMs | H5: 75 | I5: 0 | J5: 100 | K5: 50
A6: =D6 * I6 + F6 * K6 + C6 * H6 + E6 * J6 -> 0 | B6: Multiple unaligned ASIs compete | C6: 0.3 | D6: 0.2 | E6: 0.15 | F6: 0.35 | G6: Multiple_ASIs_No_Advocate | H6: 75 | I6: 0 | J6: 100 | K6: 50
A7: =D7 * I7 + F7 * K7 + C7 * H7 + E7 * J7 -> 0 | B7: International coordination prevents ASI | C7: 0.5 | D7: 0.02 | E7: 0.43 | F7: 0.05 | G7: No_ASI_Coordination_Holds | H7: 75 | I7: 0 | J7: 100 | K7: 50

Sheet asimov_summary
A1: Name | B1: Value
A2: total_ev_with_asimov | B2: =SUM(asimov_world.weighted_ev) -> 0

Sheet baseline_summary
A1: Name | B1: Value
A2: total_ev_without_asimov | B2: =SUM(baseline_world.weighted_ev) -> 0

Sheet bridge_summary
A1: Name | B1: Value
A2: total_ev_with_bridge | B2: =SUM(bridge_world.weighted_ev) -> 0

Sheet marginal_impact
A1: Name | B1: Value
A2: ev_improvement_asimov | B2: ='asimov_summary'!B2 - 'baseline_summary'!B2 -> 0
A3: ev_improvement_bridge | B3: ='bridge_summary'!B2 - 'baseline_summary'!B2 -> 0
A4: ev_improvement_bridge_over_asimov | B4: ='bridge_summary'!B2 - 'asimov_summary'!B2 -> 0
A5: ev_improvement_pct_asimov | B5: =('bridge_summary'!B2 - 'asimov_summary'!B2) / 'asimov_summary'!B2 -> 0
A6: ev_improvement_pct_baseline | B6: =('bridge_summary'!B2 - 'baseline_summary'!B2) / 'baseline_summary'!B2 -> 0

Sheet overall_analysis
A1: Name | B1: Value
A2: probability_check | B2: =SUM(trajectory_probabilities.p_scenario) -> 0
A3: total_expected_value | B3: =SUM(trajectory_probabilities.weighted_ev) -> 0

Sheet scenario_summary
A1: Name | B1: Value
A2: avg_expected_utility | B2: =AVERAGE(scenario_outcomes.expected_utility) -> 0
A3: max_expected_utility | B3: =MAX(scenario_outcomes.expected_utility) -> 0
A4: min_expected_utility | B4: =MIN(scenario_outcomes.expected_utility) -> 0
A5: total_probability_check | B5: =SUM(scenario_outcomes.p_extinction) + SUM(scenario_outcomes.p_subjugation) + SUM(scenario_outcomes.p_coexistence) + SUM(scenario_outcomes.p_flourishing) -> 0
